knowledge_base,Cluster_count,Computation_time,Rule_count,Smalest_group_count,Largest_group_count,Distance_messure,silhouette_score,Linkage_method,Atribute_count
test_4A_07_10_2015_19_43_03,25,0.002950900000001866,416,4,58,chebyshev,0.2733665562347992,average,34
test_4A_07_10_2015_19_43_03,16,0.0025708000000008724,416,4,149,chebyshev,0.23182319642462476,average,34
test_4A_07_10_2015_19_43_03,29,0.002291599999999505,416,4,51,chebyshev,0.30463617749007454,average,34
test_4A_07_10_2015_19_43_03,12,0.0028450000000006526,416,4,149,chebyshev,0.22962337923955772,average,34
test_4A_07_10_2015_19_43_03,33,0.0025130000000004316,416,4,40,chebyshev,0.3212485837692629,average,34
test_4A_07_10_2015_19_43_03,8,0.004124199999999689,416,4,243,chebyshev,0.1588559605405527,average,34
test_4A_07_10_2015_19_43_03,37,0.002016499999996313,416,3,40,chebyshev,0.32335755177055403,average,34
test_4A_07_10_2015_19_43_03,4,0.002607499999996321,416,4,404,chebyshev,0.12424842425299777,average,34
